account_id,customer_id,account_number,account_type,account_subtype,balance,available_balance,currency,interest_rate,open_date,account_status,overdraft_limit,minimum_balance_requirement,monthly_fee,branch_id,last_transaction_date_x,created_at,last_updated,last_transaction_date_y
ACC5000000,CUST100000,8573-7216-5422,Savings,Regular Savings,1185.52,1138.13,USD,0.0211,2025-12-05,Active,0,100,0,BR041,,2025-12-07 14:55:40.217325,2025-12-07 14:55:40.217326,2024-12-30 10:42:00
ACC5000001,CUST100000,4598-6313-1916,Savings,Regular Savings,1153.18,1104.15,USD,0.0181,2024-05-23,Active,0,100,0,BR041,,2025-12-07 14:55:40.217458,2025-12-07 14:55:40.217459,2024-12-29 15:39:00
ACC5000002,CUST100001,4752-1525-6168,Savings,Regular Savings,764.48,762.67,USD,0.0269,2022-02-22,Dormant,0,100,0,BR008,,2025-12-07 14:55:40.217675,2025-12-07 14:55:40.217675,
ACC5000003,CUST100001,7572-5386-2084,Money Market,Premium Money Market,502.51,480.96,USD,0.021,2021-02-21,Active,0,100,0,BR008,,2025-12-07 14:55:40.217770,2025-12-07 14:55:40.217771,2024-12-27 10:06:00
ACC5000004,CUST100002,4456-6155-4483,Checking,Business Checking,1569.56,1516.7,USD,0.0,2019-04-29,Active,1000,0,0,BR002,,2025-12-07 14:55:40.217938,2025-12-07 14:55:40.217939,2024-12-19 16:19:00
ACC5000005,CUST100002,9179-7482-8517,Checking,Business Checking,100.0,96.98,USD,0.0,2018-01-06,Active,1000,0,0,BR002,,2025-12-07 14:55:40.218019,2025-12-07 14:55:40.218020,2024-12-31 20:20:00
ACC5000006,CUST100003,3340-5339-3287,Checking,Business Checking,428.53,410.69,USD,0.0,2022-01-09,Active,1000,0,0,BR048,,2025-12-07 14:55:40.218189,2025-12-07 14:55:40.218189,2024-12-28 13:20:00
ACC5000007,CUST100003,5040-9830-5304,Money Market,Premium Money Market,9628.49,9290.93,USD,0.0155,2024-05-23,Dormant,0,100,10,BR048,,2025-12-07 14:55:40.218292,2025-12-07 14:55:40.218293,
ACC5000008,CUST100003,8019-7543-6930,Savings,Youth Savings,649.84,646.42,USD,0.0198,2021-03-05,Active,0,100,5,BR048,,2025-12-07 14:55:40.218387,2025-12-07 14:55:40.218387,2024-12-31 18:46:00
ACC5000009,CUST100004,4593-3266-9348,Savings,High-Yield Savings,247.84,236.2,USD,0.0194,2019-08-08,Active,0,100,0,BR018,,2025-12-07 14:55:40.218551,2025-12-07 14:55:40.218551,2024-12-27 17:39:00
ACC5000010,CUST100004,9085-2489-1771,CD,6-month CD,5814.16,5753.02,USD,0.0184,2021-09-27,Active,0,0,0,BR018,,2025-12-07 14:55:40.218644,2025-12-07 14:55:40.218645,2024-12-29 17:28:00
ACC5000011,CUST100005,2796-3504-3621,Checking,Personal Checking,271.16,264.29,USD,0.0,2025-09-30,Active,1000,0,0,BR016,,2025-12-07 14:55:40.218790,2025-12-07 14:55:40.218790,2024-12-21 14:01:00
ACC5000012,CUST100005,7916-2040-7304,Checking,Student Checking,200.54,195.15,USD,0.0,2025-11-09,Dormant,1000,0,5,BR016,,2025-12-07 14:55:40.218876,2025-12-07 14:55:40.218877,
ACC5000013,CUST100006,7252-8668-9669,CD,1-year CD,4260.39,4232.07,USD,0.0227,2024-06-14,Active,0,0,0,BR015,,2025-12-07 14:55:40.219026,2025-12-07 14:55:40.219026,2024-12-31 14:33:00
ACC5000014,CUST100007,5119-1188-2876,Savings,Youth Savings,1660.53,1600.49,USD,0.0229,2023-03-03,Active,0,100,10,BR009,,2025-12-07 14:55:40.219184,2025-12-07 14:55:40.219184,2024-12-30 20:35:00
ACC5000015,CUST100008,9797-5371-6573,Savings,High-Yield Savings,3536.54,3486.29,USD,0.0174,2025-11-21,Dormant,0,100,0,BR048,,2025-12-07 14:55:40.219335,2025-12-07 14:55:40.219335,
ACC5000016,CUST100008,2827-5808-8123,Checking,Personal Checking,100.0,95.35,USD,0.0,2025-09-11,Active,1000,0,0,BR048,,2025-12-07 14:55:40.219423,2025-12-07 14:55:40.219423,2024-12-25 21:14:00
ACC5000017,CUST100008,3591-8433-1053,Savings,Youth Savings,1461.77,1400.63,USD,0.0216,2025-04-28,Active,0,100,10,BR048,,2025-12-07 14:55:40.219514,2025-12-07 14:55:40.219514,2024-12-26 07:03:00
ACC5000018,CUST100008,5315-9201-3927,Checking,Personal Checking,207.01,199.11,USD,0.0,2025-03-30,Active,1000,0,5,BR048,,2025-12-07 14:55:40.219599,2025-12-07 14:55:40.219599,2024-12-29 15:53:00
ACC5000019,CUST100009,9317-2743-5889,Checking,Business Checking,141.67,135.62,USD,0.0,2018-05-09,Active,1000,0,0,BR007,,2025-12-07 14:55:40.219744,2025-12-07 14:55:40.219744,2024-12-26 02:23:00
ACC5000020,CUST100009,9317-4258-3504,IRA,Roth IRA,1787.38,1701.29,USD,0.0,2019-08-11,Active,0,0,0,BR007,,2025-12-07 14:55:40.219834,2025-12-07 14:55:40.219834,2024-12-24 13:10:00
ACC5000021,CUST100010,7126-3646-9837,Money Market,Premium Money Market,1408.65,1352.72,USD,0.0236,2025-10-05,Active,0,100,0,BR044,,2025-12-07 14:55:40.219976,2025-12-07 14:55:40.219976,2024-12-29 16:28:00
ACC5000022,CUST100011,9689-1009-6310,Checking,Personal Checking,174.07,166.43,USD,0.0,2023-07-26,Active,1000,0,0,BR048,,2025-12-07 14:55:40.220103,2025-12-07 14:55:40.220104,2024-12-19 13:46:00
ACC5000023,CUST100011,9005-1319-2832,IRA,Roth IRA,16136.57,15885.01,USD,0.0,2023-10-13,Active,0,0,0,BR048,,2025-12-07 14:55:40.220195,2025-12-07 14:55:40.220195,2024-12-30 17:06:00
ACC5000024,CUST100012,6947-6038-4923,Brokerage,Retirement Brokerage,19203.91,19178.08,USD,0.0,2025-07-15,Active,0,0,0,BR035,,2025-12-07 14:55:40.220346,2025-12-07 14:55:40.220346,2024-12-28 16:00:00
ACC5000025,CUST100012,1949-4946-2290,Savings,High-Yield Savings,902.89,871.65,USD,0.0163,2023-07-03,Active,0,100,0,BR035,,2025-12-07 14:55:40.220441,2025-12-07 14:55:40.220441,2024-12-18 12:17:00
ACC5000026,CUST100013,2403-8962-2133,Checking,Personal Checking,3427.63,3332.3,USD,0.0,2025-02-03,Dormant,1000,0,0,BR006,,2025-12-07 14:55:40.220575,2025-12-07 14:55:40.220575,
ACC5000027,CUST100013,9727-3060-3103,Checking,Business Checking,2418.13,2342.48,USD,0.0,2025-11-07,Active,1000,0,0,BR006,,2025-12-07 14:55:40.220653,2025-12-07 14:55:40.220653,2024-12-30 16:28:00
ACC5000028,CUST100013,8787-3705-5342,Checking,Personal Checking,2340.12,2226.67,USD,0.0,2025-06-14,Dormant,1000,0,0,BR006,,2025-12-07 14:55:40.220727,2025-12-07 14:55:40.220728,
ACC5000029,CUST100014,9645-7932-4470,IRA,Roth IRA,3896.31,3778.23,USD,0.0,2024-09-02,Active,0,0,0,BR038,,2025-12-07 14:55:40.220863,2025-12-07 14:55:40.220863,2024-12-24 13:23:00
ACC5000030,CUST100014,9835-4295-6107,Money Market,Money Market Deposit,100.0,99.97,USD,0.0248,2023-11-25,Active,0,100,0,BR038,,2025-12-07 14:55:40.220954,2025-12-07 14:55:40.220954,2024-12-13 19:34:00
ACC5000031,CUST100015,7537-7118-8177,Money Market,Premium Money Market,710.47,690.51,USD,0.0183,2025-04-22,Dormant,0,100,5,BR028,,2025-12-07 14:55:40.221096,2025-12-07 14:55:40.221096,
ACC5000032,CUST100015,9479-8397-2982,Checking,Business Checking,130.32,127.35,USD,0.0,2025-05-15,Active,1000,0,0,BR028,,2025-12-07 14:55:40.221181,2025-12-07 14:55:40.221182,2024-12-26 17:47:00
ACC5000033,CUST100015,5061-4681-2049,Savings,Regular Savings,1626.17,1593.36,USD,0.0189,2025-10-01,Active,0,100,0,BR028,,2025-12-07 14:55:40.221272,2025-12-07 14:55:40.221273,2024-12-31 12:26:00
ACC5000034,CUST100016,6539-1344-4770,Checking,Business Checking,1887.05,1864.34,USD,0.0,2024-07-23,Active,1000,0,0,BR003,,2025-12-07 14:55:40.221397,2025-12-07 14:55:40.221397,2024-12-30 08:05:00
ACC5000035,CUST100016,4608-1117-2163,Savings,Regular Savings,7027.76,6796.28,USD,0.0291,2025-08-06,Active,0,100,0,BR003,,2025-12-07 14:55:40.221475,2025-12-07 14:55:40.221475,2024-12-30 15:15:00
ACC5000036,CUST100017,1964-4750-2104,Savings,Youth Savings,597.47,591.88,USD,0.0189,2025-11-21,Active,0,100,10,BR002,,2025-12-07 14:55:40.221615,2025-12-07 14:55:40.221616,2024-12-31 17:20:00
ACC5000037,CUST100017,1514-6413-2160,Checking,Student Checking,100.0,95.36,USD,0.0,2025-11-05,Closed,1000,0,0,BR002,,2025-12-07 14:55:40.221699,2025-12-07 14:55:40.221700,
ACC5000038,CUST100018,9423-4899-5562,Checking,Business Checking,100.0,95.83,USD,0.0,2025-10-26,Active,1000,0,0,BR006,,2025-12-07 14:55:40.221831,2025-12-07 14:55:40.221831,2024-12-31 16:08:00
ACC5000039,CUST100018,8953-4510-9834,Money Market,Premium Money Market,551.79,541.04,USD,0.0208,2025-11-18,Active,0,100,0,BR006,,2025-12-07 14:55:40.221922,2025-12-07 14:55:40.221922,2024-12-26 17:41:00
ACC5000040,CUST100018,3167-8744-4981,Savings,High-Yield Savings,241.59,239.17,USD,0.0218,2025-09-24,Active,0,100,0,BR006,,2025-12-07 14:55:40.222012,2025-12-07 14:55:40.222012,2024-12-24 17:51:00
ACC5000041,CUST100019,8749-7669-4119,Savings,Youth Savings,5721.31,5668.6,USD,0.0198,2025-11-01,Active,0,100,0,BR014,,2025-12-07 14:55:40.222164,2025-12-07 14:55:40.222164,2024-12-31 14:00:00
ACC5000042,CUST100020,2545-2588-8062,Brokerage,Retirement Brokerage,2171.79,2127.65,USD,0.0,2025-10-08,Active,0,0,0,BR015,,2025-12-07 14:55:40.222326,2025-12-07 14:55:40.222326,2024-12-27 10:46:00
ACC5000043,CUST100020,6804-7939-7735,Checking,Personal Checking,505.28,486.0,USD,0.0,2025-01-10,Active,1000,0,0,BR015,,2025-12-07 14:55:40.222414,2025-12-07 14:55:40.222414,2024-11-10 17:07:00
ACC5000044,CUST100020,8651-1887-2612,CD,1-year CD,1079.36,1049.77,USD,0.016,2025-06-26,Active,0,0,0,BR015,,2025-12-07 14:55:40.222507,2025-12-07 14:55:40.222507,2024-12-17 15:33:00
ACC5000045,CUST100021,1993-7596-6559,CD,6-month CD,4572.72,4490.86,USD,0.0218,2025-10-06,Active,0,0,0,BR033,,2025-12-07 14:55:40.222641,2025-12-07 14:55:40.222641,2024-12-29 16:25:00
ACC5000046,CUST100021,2790-5073-4139,Savings,High-Yield Savings,2531.07,2422.46,USD,0.0259,2022-03-06,Active,0,100,0,BR033,,2025-12-07 14:55:40.222776,2025-12-07 14:55:40.222776,2024-12-28 19:43:00
ACC5000047,CUST100021,4116-9786-8350,Savings,Regular Savings,1671.98,1646.27,USD,0.0245,2025-10-04,Closed,0,100,0,BR033,,2025-12-07 14:55:40.222865,2025-12-07 14:55:40.222865,
ACC5000048,CUST100022,3296-7912-4006,CD,6-month CD,3216.97,3068.9,USD,0.0291,2020-05-23,Active,0,0,0,BR039,,2025-12-07 14:55:40.223014,2025-12-07 14:55:40.223015,2024-12-29 15:58:00
ACC5000049,CUST100022,5563-8579-5092,CD,6-month CD,5448.04,5343.75,USD,0.0223,2025-07-25,Active,0,0,0,BR039,,2025-12-07 14:55:40.223272,2025-12-07 14:55:40.223273,2024-12-30 19:38:00
ACC5000050,CUST100022,2235-8260-2604,CD,1-year CD,529.47,518.69,USD,0.0264,2022-06-13,Active,0,0,0,BR039,,2025-12-07 14:55:40.223391,2025-12-07 14:55:40.223392,2024-12-29 19:54:00
ACC5000051,CUST100022,1828-9856-1241,Checking,Business Checking,391.41,391.3,USD,0.0,2020-03-05,Active,1000,0,0,BR039,,2025-12-07 14:55:40.223486,2025-12-07 14:55:40.223486,2024-12-31 08:10:00
ACC5000052,CUST100023,2528-4872-3724,Brokerage,Retirement Brokerage,2750.75,2690.55,USD,0.0,2025-09-05,Closed,0,0,0,BR002,,2025-12-07 14:55:40.223724,2025-12-07 14:55:40.223725,
ACC5000053,CUST100024,7658-8956-8886,Money Market,Money Market Deposit,1348.27,1331.83,USD,0.0192,2023-12-26,Active,0,100,0,BR036,,2025-12-07 14:55:40.223969,2025-12-07 14:55:40.223969,2024-12-31 14:57:00
ACC5000054,CUST100024,4502-7570-1960,Money Market,Premium Money Market,273.57,260.17,USD,0.019,2024-02-05,Active,0,100,5,BR036,,2025-12-07 14:55:40.224073,2025-12-07 14:55:40.224074,2024-12-11 09:22:00
ACC5000055,CUST100024,3697-7209-1035,Checking,Business Checking,100.0,95.45,USD,0.0,2024-01-09,Active,1000,0,0,BR036,,2025-12-07 14:55:40.224161,2025-12-07 14:55:40.224162,2024-12-23 19:13:00
ACC5000056,CUST100025,7396-5345-8454,Savings,Youth Savings,112.0,107.87,USD,0.0162,2024-05-02,Active,0,100,0,BR013,,2025-12-07 14:55:40.224364,2025-12-07 14:55:40.224365,2024-12-29 14:26:00
ACC5000057,CUST100025,5673-7930-8973,IRA,Roth IRA,927.65,894.24,USD,0.0,2025-11-26,Dormant,0,0,5,BR013,,2025-12-07 14:55:40.224459,2025-12-07 14:55:40.224459,
ACC5000058,CUST100025,3536-4111-5861,Checking,Personal Checking,215.38,208.82,USD,0.0,2024-04-10,Active,1000,0,0,BR013,,2025-12-07 14:55:40.224544,2025-12-07 14:55:40.224545,2024-12-29 10:25:00
ACC5000059,CUST100025,4566-1958-9883,Savings,High-Yield Savings,987.75,978.17,USD,0.0203,2023-06-06,Active,0,100,0,BR013,,2025-12-07 14:55:40.224633,2025-12-07 14:55:40.224633,2024-12-30 16:27:00
ACC5000060,CUST100026,1998-6138-1936,Checking,Student Checking,271.56,262.68,USD,0.0,2024-04-28,Closed,1000,0,0,BR046,,2025-12-07 14:55:40.224782,2025-12-07 14:55:40.224783,
ACC5000061,CUST100027,1821-8811-9238,Savings,Regular Savings,314.46,308.27,USD,0.0211,2025-02-26,Active,0,100,0,BR042,,2025-12-07 14:55:40.224923,2025-12-07 14:55:40.224923,2024-11-26 17:20:00
ACC5000062,CUST100028,9701-3579-1931,Brokerage,Retirement Brokerage,4911.68,4682.84,USD,0.0,2022-06-13,Active,0,0,0,BR045,,2025-12-07 14:55:40.225058,2025-12-07 14:55:40.225059,2024-12-28 14:08:00
ACC5000063,CUST100028,9320-2312-4044,Brokerage,Retirement Brokerage,19826.83,19424.63,USD,0.0,2023-11-09,Dormant,0,0,5,BR045,,2025-12-07 14:55:40.225205,2025-12-07 14:55:40.225205,
ACC5000064,CUST100028,2122-2113-4853,Checking,Student Checking,100.0,98.1,USD,0.0,2025-01-21,Active,1000,0,0,BR045,,2025-12-07 14:55:40.225302,2025-12-07 14:55:40.225302,2024-12-29 17:46:00
ACC5000065,CUST100029,7615-2964-5033,Savings,High-Yield Savings,1172.42,1117.19,USD,0.0248,2019-12-20,Active,0,100,0,BR035,,2025-12-07 14:55:40.225475,2025-12-07 14:55:40.225476,2024-12-28 06:19:00
ACC5000066,CUST100029,1651-2343-7868,Brokerage,Standard Brokerage,1849.21,1829.12,USD,0.0,2018-10-05,Active,0,0,0,BR035,,2025-12-07 14:55:40.225570,2025-12-07 14:55:40.225570,2024-12-11 13:05:00
ACC5000067,CUST100029,9565-6183-5272,Checking,Student Checking,809.88,778.65,USD,0.0,2022-05-04,Active,1000,0,0,BR035,,2025-12-07 14:55:40.225658,2025-12-07 14:55:40.225658,2024-12-29 13:21:00
ACC5000068,CUST100030,4346-6147-4910,Checking,Student Checking,181.89,179.38,USD,0.0,2025-05-14,Active,1000,0,0,BR027,,2025-12-07 14:55:40.225800,2025-12-07 14:55:40.225800,2024-12-30 17:04:00
ACC5000069,CUST100030,5351-7484-3144,Money Market,Money Market Deposit,1260.67,1243.88,USD,0.0198,2024-03-21,Active,0,100,0,BR027,,2025-12-07 14:55:40.225889,2025-12-07 14:55:40.225890,2024-12-30 10:36:00
ACC5000070,CUST100030,5915-8491-6180,Savings,High-Yield Savings,100.0,98.4,USD,0.0176,2025-10-18,Active,0,100,0,BR027,,2025-12-07 14:55:40.225978,2025-12-07 14:55:40.225978,2024-12-29 10:37:00
ACC5000071,CUST100030,2188-1152-8508,Checking,Personal Checking,197.63,195.67,USD,0.0,2025-07-20,Closed,1000,0,0,BR027,,2025-12-07 14:55:40.226060,2025-12-07 14:55:40.226060,
ACC5000072,CUST100031,2638-2200-9808,Checking,Student Checking,2380.88,2279.6,USD,0.0,2022-08-06,Active,1000,0,0,BR015,,2025-12-07 14:55:40.226223,2025-12-07 14:55:40.226223,2024-12-23 11:54:00
ACC5000073,CUST100031,4492-9288-5345,CD,6-month CD,30817.13,29884.1,USD,0.0331,2020-05-08,Active,0,0,0,BR015,,2025-12-07 14:55:40.226356,2025-12-07 14:55:40.226357,2024-12-28 13:16:00
ACC5000074,CUST100031,3170-6718-2127,Money Market,Money Market Deposit,42752.63,42630.42,USD,0.0329,2020-01-12,Active,0,100,0,BR015,,2025-12-07 14:55:40.226467,2025-12-07 14:55:40.226467,2024-12-31 11:59:00
ACC5000075,CUST100032,5002-7054-5669,Checking,Personal Checking,100.0,99.13,USD,0.0,2024-03-18,Active,1000,0,0,BR029,,2025-12-07 14:55:40.226704,2025-12-07 14:55:40.226705,2024-12-27 13:00:00
ACC5000076,CUST100032,3584-8179-9900,Savings,Regular Savings,4322.51,4138.84,USD,0.0195,2025-02-22,Active,0,100,0,BR029,,2025-12-07 14:55:40.226797,2025-12-07 14:55:40.226797,2024-12-31 16:50:00
ACC5000077,CUST100032,5956-9666-1128,Money Market,Money Market Deposit,433.16,428.87,USD,0.0222,2025-05-25,Active,0,100,0,BR029,,2025-12-07 14:55:40.226890,2025-12-07 14:55:40.226890,2024-12-29 21:31:00
ACC5000078,CUST100032,5905-2697-3200,Savings,Youth Savings,945.68,942.95,USD,0.0249,2025-11-06,Active,0,100,0,BR029,,2025-12-07 14:55:40.226981,2025-12-07 14:55:40.226981,2024-12-27 07:55:00
ACC5000079,CUST100033,5333-2891-2753,Checking,Business Checking,469.27,446.3,USD,0.0,2023-06-25,Active,1000,0,10,BR038,,2025-12-07 14:55:40.227129,2025-12-07 14:55:40.227129,2024-12-30 16:09:00
ACC5000080,CUST100033,3546-5462-5616,Checking,Business Checking,286.7,281.93,USD,0.0,2023-05-08,Active,1000,0,0,BR038,,2025-12-07 14:55:40.227211,2025-12-07 14:55:40.227212,2024-12-29 14:37:00
ACC5000081,CUST100034,4450-6617-4335,Money Market,Premium Money Market,1473.06,1423.14,USD,0.0154,2025-08-18,Active,0,100,0,BR018,,2025-12-07 14:55:40.227356,2025-12-07 14:55:40.227357,2024-12-25 23:14:00
ACC5000082,CUST100034,5325-9280-9004,Checking,Business Checking,1176.19,1124.91,USD,0.0,2024-04-08,Active,1000,0,10,BR018,,2025-12-07 14:55:40.227446,2025-12-07 14:55:40.227446,2024-12-21 16:39:00
ACC5000083,CUST100034,5114-1832-2512,Checking,Business Checking,305.54,299.63,USD,0.0,2025-09-10,Dormant,1000,0,0,BR018,,2025-12-07 14:55:40.227623,2025-12-07 14:55:40.227624,
ACC5000084,CUST100034,7939-5533-1722,Checking,Personal Checking,1564.53,1508.67,USD,0.0,2023-08-01,Active,1000,0,5,BR018,,2025-12-07 14:55:40.227801,2025-12-07 14:55:40.227801,2024-12-26 12:43:00
ACC5000085,CUST100035,1058-6464-3143,Checking,Business Checking,722.12,702.64,USD,0.0,2018-06-02,Active,1000,0,5,BR001,,2025-12-07 14:55:40.228015,2025-12-07 14:55:40.228015,2024-12-27 16:58:00
ACC5000086,CUST100036,5291-3647-8239,Checking,Business Checking,1131.1,1130.23,USD,0.0,2025-04-24,Dormant,1000,0,0,BR049,,2025-12-07 14:55:40.228174,2025-12-07 14:55:40.228174,
ACC5000087,CUST100036,8007-1158-2832,Checking,Student Checking,321.92,307.3,USD,0.0,2025-05-28,Closed,1000,0,0,BR049,,2025-12-07 14:55:40.228253,2025-12-07 14:55:40.228253,
ACC5000088,CUST100036,2232-3442-9938,Savings,Regular Savings,2949.45,2889.04,USD,0.0241,2024-02-25,Active,0,100,0,BR049,,2025-12-07 14:55:40.228336,2025-12-07 14:55:40.228337,2024-12-23 01:17:00
ACC5000089,CUST100037,1590-7049-3426,Checking,Student Checking,105.3,104.65,USD,0.0,2020-05-29,Active,1000,0,0,BR011,,2025-12-07 14:55:40.228550,2025-12-07 14:55:40.228551,2024-12-29 15:53:00
ACC5000090,CUST100037,8041-3088-1685,Savings,Youth Savings,1839.45,1784.4,USD,0.0238,2020-02-11,Active,0,100,0,BR011,,2025-12-07 14:55:40.228670,2025-12-07 14:55:40.228670,2024-12-30 12:52:00
ACC5000091,CUST100037,6050-6974-1653,Savings,Regular Savings,1396.48,1352.86,USD,0.0169,2020-04-16,Active,0,100,0,BR011,,2025-12-07 14:55:40.228762,2025-12-07 14:55:40.228762,2024-12-29 15:28:00
ACC5000092,CUST100038,6862-4441-5088,Money Market,Premium Money Market,9808.53,9690.18,USD,0.017,2022-10-05,Active,0,100,5,BR045,,2025-12-07 14:55:40.228922,2025-12-07 14:55:40.228923,2024-12-29 20:05:00
ACC5000093,CUST100038,2684-6794-7658,CD,5-year CD,2290.94,2227.78,USD,0.0162,2022-11-07,Active,0,0,5,BR045,,2025-12-07 14:55:40.229017,2025-12-07 14:55:40.229017,2024-12-31 10:49:00
ACC5000094,CUST100039,3532-4878-3662,Checking,Student Checking,100.0,95.02,USD,0.0,2025-05-04,Active,1000,0,0,BR028,,2025-12-07 14:55:40.229155,2025-12-07 14:55:40.229155,2024-12-26 14:38:00
ACC5000095,CUST100039,3900-7755-1406,Money Market,Premium Money Market,1940.84,1914.0,USD,0.0198,2024-01-31,Active,0,100,0,BR028,,2025-12-07 14:55:40.229245,2025-12-07 14:55:40.229245,2024-12-18 20:05:00
ACC5000096,CUST100039,3938-6442-7745,Money Market,Money Market Deposit,1610.21,1551.42,USD,0.021,2025-08-05,Active,0,100,0,BR028,,2025-12-07 14:55:40.229331,2025-12-07 14:55:40.229332,2024-12-29 19:51:00
ACC5000097,CUST100040,5065-5371-3608,Checking,Business Checking,422.42,416.25,USD,0.0,2025-02-24,Active,1000,0,0,BR022,,2025-12-07 14:55:40.229465,2025-12-07 14:55:40.229465,2024-12-31 07:26:00
ACC5000098,CUST100040,2771-7267-1634,Savings,High-Yield Savings,787.24,762.5,USD,0.0193,2022-04-05,Active,0,100,5,BR022,,2025-12-07 14:55:40.229555,2025-12-07 14:55:40.229555,2024-12-23 10:33:00
ACC5000099,CUST100041,8711-4644-4269,Brokerage,Standard Brokerage,42347.91,41580.47,USD,0.0,2019-05-16,Active,0,0,0,BR018,,2025-12-07 14:55:40.229677,2025-12-07 14:55:40.229678,2024-12-29 16:56:00
ACC5000100,CUST100041,8541-6728-6000,Checking,Student Checking,30205.83,29813.13,USD,0.0,2023-11-27,Closed,1000,0,0,BR018,,2025-12-07 14:55:40.229751,2025-12-07 14:55:40.229751,
ACC5000101,CUST100041,4728-4652-1387,Checking,Student Checking,28232.34,26857.7,USD,0.0,2022-09-02,Active,1000,0,0,BR018,,2025-12-07 14:55:40.229823,2025-12-07 14:55:40.229823,2024-12-26 15:58:00
ACC5000102,CUST100042,4164-7528-6378,Savings,Youth Savings,2439.89,2349.53,USD,0.0228,2024-11-03,Active,0,100,5,BR010,,2025-12-07 14:55:40.229964,2025-12-07 14:55:40.229965,2024-12-31 11:23:00
ACC5000103,CUST100042,5564-2137-5573,CD,6-month CD,4935.48,4862.93,USD,0.0196,2024-02-29,Active,0,0,0,BR010,,2025-12-07 14:55:40.230056,2025-12-07 14:55:40.230056,2024-12-26 10:44:00
ACC5000104,CUST100043,6753-9346-7548,Savings,High-Yield Savings,2305.7,2216.38,USD,0.0227,2025-04-27,Active,0,100,0,BR014,,2025-12-07 14:55:40.230197,2025-12-07 14:55:40.230197,2024-12-22 10:42:00
ACC5000105,CUST100043,9785-6425-1452,IRA,Roth IRA,100.0,95.29,USD,0.0,2024-10-01,Active,0,0,0,BR014,,2025-12-07 14:55:40.230301,2025-12-07 14:55:40.230302,2024-12-27 13:28:00
ACC5000106,CUST100043,2889-5279-3925,Checking,Business Checking,104.85,101.86,USD,0.0,2024-07-19,Active,1000,0,0,BR014,,2025-12-07 14:55:40.230390,2025-12-07 14:55:40.230390,2024-12-29 17:40:00
ACC5000107,CUST100044,5349-1626-2776,Savings,Regular Savings,115.02,111.26,USD,0.0241,2023-06-28,Active,0,100,5,BR049,,2025-12-07 14:55:40.230534,2025-12-07 14:55:40.230535,2024-12-31 07:46:00
ACC5000108,CUST100045,8119-6663-6139,CD,5-year CD,7793.53,7747.6,USD,0.0246,2020-11-17,Active,0,0,5,BR022,,2025-12-07 14:55:40.230670,2025-12-07 14:55:40.230670,2024-12-23 09:24:00
ACC5000109,CUST100045,8149-9379-2894,Money Market,Money Market Deposit,1808.66,1777.39,USD,0.0248,2024-07-06,Active,0,100,0,BR022,,2025-12-07 14:55:40.230760,2025-12-07 14:55:40.230761,2024-10-30 11:01:00
ACC5000110,CUST100046,7311-4114-5173,Checking,Personal Checking,1455.22,1390.76,USD,0.0,2025-05-16,Active,1000,0,0,BR007,,2025-12-07 14:55:40.230890,2025-12-07 14:55:40.230891,2024-12-29 18:20:00
ACC5000111,CUST100046,1727-8144-1027,Checking,Personal Checking,378.83,378.46,USD,0.0,2024-07-14,Active,1000,0,0,BR007,,2025-12-07 14:55:40.230972,2025-12-07 14:55:40.230973,2024-12-30 13:46:00
ACC5000112,CUST100046,9518-9821-4228,Savings,High-Yield Savings,1155.59,1124.29,USD,0.0211,2024-03-06,Active,0,100,0,BR007,,2025-12-07 14:55:40.231060,2025-12-07 14:55:40.231061,2024-12-30 13:28:00
ACC5000113,CUST100047,6967-8066-2146,Money Market,Money Market Deposit,459.0,450.99,USD,0.0236,2023-09-30,Active,0,100,0,BR006,,2025-12-07 14:55:40.231202,2025-12-07 14:55:40.231202,2024-12-25 10:04:00
ACC5000114,CUST100047,6409-6143-3041,Savings,Youth Savings,795.06,775.07,USD,0.0155,2022-12-30,Active,0,100,5,BR006,,2025-12-07 14:55:40.231292,2025-12-07 14:55:40.231292,2024-12-30 12:07:00
ACC5000115,CUST100048,5920-9308-6067,Checking,Personal Checking,209.83,206.26,USD,0.0,2025-11-21,Active,1000,0,0,BR025,,2025-12-07 14:55:40.231424,2025-12-07 14:55:40.231424,2024-12-29 11:19:00
ACC5000116,CUST100048,7691-6344-7592,IRA,Traditional IRA,3882.92,3694.05,USD,0.0,2023-10-17,Active,0,0,0,BR025,,2025-12-07 14:55:40.231507,2025-12-07 14:55:40.231507,2024-12-22 07:47:00
ACC5000117,CUST100049,5844-3085-4143,Checking,Student Checking,1882.32,1850.02,USD,0.0,2025-10-10,Active,1000,0,0,BR007,,2025-12-07 14:55:40.231628,2025-12-07 14:55:40.231629,2024-12-16 10:27:00
ACC5000118,CUST100049,7888-7211-3851,Savings,High-Yield Savings,7685.4,7337.27,USD,0.022,2025-05-23,Active,0,100,0,BR007,,2025-12-07 14:55:40.231706,2025-12-07 14:55:40.231706,2024-12-23 13:23:00
ACC5000119,CUST100049,5930-7653-9977,Money Market,Money Market Deposit,2613.65,2602.55,USD,0.0264,2025-07-20,Active,0,100,0,BR007,,2025-12-07 14:55:40.231780,2025-12-07 14:55:40.231780,2024-12-31 12:36:00
ACC5000120,CUST100049,1006-5978-5700,Checking,Student Checking,1303.62,1278.43,USD,0.0,2025-09-11,Active,1000,0,0,BR007,,2025-12-07 14:55:40.231901,2025-12-07 14:55:40.231901,2024-12-20 11:43:00
ACC5000121,CUST100050,4443-8043-6279,Checking,Personal Checking,100.0,95.17,USD,0.0,2020-06-07,Active,1000,0,5,BR023,,2025-12-07 14:55:40.232044,2025-12-07 14:55:40.232044,2024-12-28 23:23:00
ACC5000122,CUST100050,8618-8238-8244,CD,5-year CD,1727.96,1717.8,USD,0.0247,2018-06-12,Active,0,0,0,BR023,,2025-12-07 14:55:40.232133,2025-12-07 14:55:40.232133,2024-12-31 14:05:00
ACC5000123,CUST100050,4501-9375-8752,Brokerage,Standard Brokerage,6151.25,6066.73,USD,0.0,2025-02-12,Active,0,0,10,BR023,,2025-12-07 14:55:40.232233,2025-12-07 14:55:40.232234,2024-12-21 09:14:00
ACC5000124,CUST100051,3780-2389-5649,Savings,Regular Savings,100.0,95.15,USD,0.0206,2019-09-07,Active,0,100,0,BR023,,2025-12-07 14:55:40.232395,2025-12-07 14:55:40.232395,2024-12-29 15:58:00
ACC5000125,CUST100051,9445-6491-2530,Savings,High-Yield Savings,293.67,286.93,USD,0.018,2022-12-04,Active,0,100,0,BR023,,2025-12-07 14:55:40.232484,2025-12-07 14:55:40.232485,2024-12-30 09:13:00
ACC5000126,CUST100052,4848-6085-4680,IRA,Roth IRA,1938.69,1889.66,USD,0.0,2025-11-22,Active,0,0,0,BR039,,2025-12-07 14:55:40.232618,2025-12-07 14:55:40.232618,2024-12-31 23:03:00
ACC5000127,CUST100052,4262-3414-1400,Checking,Business Checking,1059.19,1044.31,USD,0.0,2025-09-18,Active,1000,0,10,BR039,,2025-12-07 14:55:40.232701,2025-12-07 14:55:40.232701,2024-12-29 19:05:00
ACC5000128,CUST100052,1757-5011-8784,Money Market,Premium Money Market,5741.63,5555.71,USD,0.0194,2025-10-04,Active,0,100,0,BR039,,2025-12-07 14:55:40.232787,2025-12-07 14:55:40.232787,2024-12-03 10:52:00
ACC5000129,CUST100053,2193-8461-7790,Checking,Business Checking,619.74,598.83,USD,0.0,2025-04-28,Active,1000,0,0,BR017,,2025-12-07 14:55:40.232926,2025-12-07 14:55:40.232926,2024-12-29 22:02:00
ACC5000130,CUST100053,4185-7291-9099,Checking,Student Checking,100.0,96.4,USD,0.0,2025-04-07,Active,1000,0,0,BR017,,2025-12-07 14:55:40.233010,2025-12-07 14:55:40.233010,2024-12-17 17:31:00
ACC5000131,CUST100053,7547-4997-3417,Savings,Regular Savings,188.68,183.1,USD,0.0153,2024-12-10,Active,0,100,10,BR017,,2025-12-07 14:55:40.233439,2025-12-07 14:55:40.233439,2024-12-14 14:32:00
ACC5000132,CUST100054,1090-2746-7965,Money Market,Money Market Deposit,8002.31,7951.99,USD,0.0226,2023-07-11,Active,0,100,0,BR003,,2025-12-07 14:55:40.233622,2025-12-07 14:55:40.233622,2024-12-31 14:04:00
ACC5000133,CUST100055,4585-3881-9486,Checking,Personal Checking,123.55,120.75,USD,0.0,2022-06-05,Active,1000,0,10,BR047,,2025-12-07 14:55:40.233777,2025-12-07 14:55:40.233777,2024-12-25 08:05:00
ACC5000134,CUST100055,8611-1822-5082,Checking,Business Checking,100.0,99.59,USD,0.0,2024-07-12,Active,1000,0,5,BR047,,2025-12-07 14:55:40.233870,2025-12-07 14:55:40.233870,2024-12-29 15:32:00
ACC5000135,CUST100055,2988-8478-3184,Checking,Personal Checking,176.17,174.76,USD,0.0,2025-06-21,Closed,1000,0,0,BR047,,2025-12-07 14:55:40.233953,2025-12-07 14:55:40.233953,
ACC5000136,CUST100056,8612-9702-6198,Checking,Student Checking,146.81,142.77,USD,0.0,2021-11-08,Active,1000,0,0,BR030,,2025-12-07 14:55:40.234100,2025-12-07 14:55:40.234101,2024-12-31 08:24:00
ACC5000137,CUST100057,8251-9270-7991,Checking,Personal Checking,100.0,99.12,USD,0.0,2025-02-02,Active,1000,0,0,BR035,,2025-12-07 14:55:40.234237,2025-12-07 14:55:40.234237,2024-12-27 23:56:00
ACC5000138,CUST100057,9976-8305-3607,Money Market,Premium Money Market,218.2,214.58,USD,0.0238,2024-12-21,Active,0,100,5,BR035,,2025-12-07 14:55:40.234349,2025-12-07 14:55:40.234349,2024-12-29 21:28:00
ACC5000139,CUST100057,8777-8373-5246,Checking,Personal Checking,405.21,390.73,USD,0.0,2025-01-21,Active,1000,0,0,BR035,,2025-12-07 14:55:40.234436,2025-12-07 14:55:40.234436,2024-12-30 13:07:00
ACC5000140,CUST100057,5050-5543-9540,Money Market,Money Market Deposit,3618.64,3546.08,USD,0.0175,2024-09-02,Active,0,100,0,BR035,,2025-12-07 14:55:40.234528,2025-12-07 14:55:40.234528,2024-12-29 11:48:00
ACC5000141,CUST100058,8939-4919-5499,Checking,Personal Checking,100.0,95.13,USD,0.0,2020-07-21,Active,1000,0,0,BR008,,2025-12-07 14:55:40.234656,2025-12-07 14:55:40.234657,2024-12-28 13:23:00
ACC5000142,CUST100059,8206-2269-5681,Checking,Personal Checking,1048.07,1013.53,USD,0.0,2025-08-22,Active,1000,0,0,BR025,,2025-12-07 14:55:40.234788,2025-12-07 14:55:40.234788,2024-12-31 09:43:00
ACC5000143,CUST100059,4841-5451-6502,IRA,Traditional IRA,8649.65,8319.85,USD,0.0,2025-12-03,Active,0,0,0,BR025,,2025-12-07 14:55:40.234872,2025-12-07 14:55:40.234872,2024-12-27 17:49:00
ACC5000144,CUST100059,6238-9849-2320,Savings,High-Yield Savings,2089.37,2034.3,USD,0.0245,2025-07-24,Closed,0,100,0,BR025,,2025-12-07 14:55:40.234961,2025-12-07 14:55:40.234962,
ACC5000145,CUST100059,3267-3471-4788,Savings,High-Yield Savings,100.0,95.23,USD,0.0154,2025-11-20,Active,0,100,0,BR025,,2025-12-07 14:55:40.235050,2025-12-07 14:55:40.235050,2024-12-30 10:29:00
ACC5000146,CUST100060,7275-3503-4505,Savings,Regular Savings,4691.88,4568.55,USD,0.0247,2023-12-15,Active,0,100,0,BR006,,2025-12-07 14:55:40.235183,2025-12-07 14:55:40.235183,2024-12-30 11:48:00
ACC5000147,CUST100061,2052-7797-7678,Checking,Student Checking,291.15,288.88,USD,0.0,2024-03-12,Active,1000,0,0,BR036,,2025-12-07 14:55:40.235318,2025-12-07 14:55:40.235319,2024-12-26 16:26:00
ACC5000148,CUST100062,6421-9890-8633,Savings,Regular Savings,1708.38,1692.72,USD,0.0293,2023-05-23,Active,0,100,0,BR019,,2025-12-07 14:55:40.235447,2025-12-07 14:55:40.235448,2024-12-29 14:05:00
ACC5000149,CUST100063,7812-2020-4388,Checking,Personal Checking,396.23,377.01,USD,0.0,2024-09-25,Active,1000,0,0,BR041,,2025-12-07 14:55:40.235578,2025-12-07 14:55:40.235579,2024-12-27 08:44:00
ACC5000150,CUST100064,7883-7381-1320,Checking,Student Checking,433.63,420.86,USD,0.0,2023-09-20,Dormant,1000,0,5,BR040,,2025-12-07 14:55:40.235712,2025-12-07 14:55:40.235712,
ACC5000151,CUST100064,7232-8814-1096,Savings,High-Yield Savings,4257.88,4198.57,USD,0.0246,2021-07-25,Dormant,0,100,0,BR040,,2025-12-07 14:55:40.235801,2025-12-07 14:55:40.235802,
ACC5000152,CUST100064,6763-5892-7389,Money Market,Premium Money Market,100.0,95.57,USD,0.0237,2023-09-03,Active,0,100,0,BR040,,2025-12-07 14:55:40.235889,2025-12-07 14:55:40.235890,2024-12-26 16:21:00
ACC5000153,CUST100065,7865-9818-9947,Checking,Personal Checking,914.27,871.8,USD,0.0,2025-10-18,Active,1000,0,0,BR024,,2025-12-07 14:55:40.236013,2025-12-07 14:55:40.236013,2024-12-31 10:11:00
ACC5000154,CUST100065,4613-8999-4595,Savings,High-Yield Savings,2768.97,2753.47,USD,0.0268,2025-09-04,Active,0,100,0,BR024,,2025-12-07 14:55:40.236093,2025-12-07 14:55:40.236093,2024-12-16 13:40:00
ACC5000155,CUST100066,5471-8140-8956,Savings,High-Yield Savings,1207.19,1154.11,USD,0.0237,2025-09-17,Dormant,0,100,0,BR037,,2025-12-07 14:55:40.236233,2025-12-07 14:55:40.236233,
ACC5000156,CUST100066,1475-7371-6507,Savings,Youth Savings,100.0,97.24,USD,0.0192,2025-10-25,Active,0,100,0,BR037,,2025-12-07 14:55:40.236340,2025-12-07 14:55:40.236341,2024-12-28 05:00:00
ACC5000157,CUST100067,7624-3704-8657,Checking,Student Checking,320.32,317.38,USD,0.0,2021-04-16,Active,1000,0,0,BR013,,2025-12-07 14:55:40.236467,2025-12-07 14:55:40.236468,2024-12-30 15:56:00
ACC5000158,CUST100068,3091-9751-1441,Money Market,Money Market Deposit,1487.87,1477.58,USD,0.0178,2019-03-06,Active,0,100,0,BR046,,2025-12-07 14:55:40.236604,2025-12-07 14:55:40.236604,2024-12-30 14:04:00
ACC5000159,CUST100069,7455-1444-2375,CD,5-year CD,11134.73,10902.12,USD,0.0243,2025-02-09,Active,0,0,0,BR005,,2025-12-07 14:55:40.236730,2025-12-07 14:55:40.236731,2024-12-25 08:21:00
ACC5000160,CUST100069,8022-3223-8564,Savings,Regular Savings,3594.15,3530.49,USD,0.0237,2022-12-13,Active,0,100,0,BR005,,2025-12-07 14:55:40.236808,2025-12-07 14:55:40.236808,2024-12-30 11:20:00
ACC5000161,CUST100069,3977-1823-5262,Money Market,Premium Money Market,1731.12,1699.69,USD,0.0252,2022-06-01,Active,0,100,0,BR005,,2025-12-07 14:55:40.236885,2025-12-07 14:55:40.236885,2024-12-30 14:00:00
ACC5000162,CUST100069,7211-6363-4467,Checking,Business Checking,535.65,531.56,USD,0.0,2024-11-14,Active,1000,0,0,BR005,,2025-12-07 14:55:40.236957,2025-12-07 14:55:40.236957,2024-12-31 18:49:00
ACC5000163,CUST100070,8449-6355-6529,Checking,Personal Checking,150.72,144.24,USD,0.0,2020-02-29,Active,1000,0,0,BR003,,2025-12-07 14:55:40.237089,2025-12-07 14:55:40.237089,2024-12-31 17:14:00
ACC5000164,CUST100070,7211-5558-7906,Savings,High-Yield Savings,368.99,367.62,USD,0.0154,2019-10-26,Active,0,100,0,BR003,,2025-12-07 14:55:40.237179,2025-12-07 14:55:40.237179,2024-12-26 12:02:00
ACC5000165,CUST100070,5133-2341-8705,Checking,Business Checking,458.43,456.14,USD,0.0,2022-01-16,Active,1000,0,10,BR003,,2025-12-07 14:55:40.237260,2025-12-07 14:55:40.237261,2024-12-27 16:01:00
ACC5000166,CUST100070,1317-9837-1853,Checking,Personal Checking,248.83,248.63,USD,0.0,2019-09-15,Active,1000,0,10,BR003,,2025-12-07 14:55:40.237339,2025-12-07 14:55:40.237340,2024-12-24 17:36:00
ACC5000167,CUST100071,6733-4673-2124,Checking,Personal Checking,300.53,287.82,USD,0.0,2021-08-17,Active,1000,0,0,BR043,,2025-12-07 14:55:40.237476,2025-12-07 14:55:40.237477,2024-12-31 17:07:00
ACC5000168,CUST100071,1659-1508-5051,Money Market,Premium Money Market,656.44,646.89,USD,0.018,2020-08-24,Active,0,100,0,BR043,,2025-12-07 14:55:40.237565,2025-12-07 14:55:40.237565,2024-12-28 09:40:00
ACC5000169,CUST100071,4266-1333-3496,Money Market,Money Market Deposit,4122.83,4036.35,USD,0.0204,2017-12-26,Active,0,100,0,BR043,,2025-12-07 14:55:40.237650,2025-12-07 14:55:40.237651,2024-12-30 13:44:00
ACC5000170,CUST100071,4908-3068-8758,Savings,High-Yield Savings,494.68,485.37,USD,0.0249,2017-06-20,Active,0,100,0,BR043,,2025-12-07 14:55:40.237735,2025-12-07 14:55:40.237736,2024-12-16 20:18:00
ACC5000171,CUST100072,2874-4571-8619,Money Market,Premium Money Market,6714.93,6455.65,USD,0.0221,2022-10-10,Closed,0,100,10,BR015,,2025-12-07 14:55:40.237875,2025-12-07 14:55:40.237876,
ACC5000172,CUST100073,5198-7043-3749,Savings,Youth Savings,151.07,144.46,USD,0.0275,2023-05-29,Active,0,100,0,BR050,,2025-12-07 14:55:40.238000,2025-12-07 14:55:40.238000,2024-12-02 05:03:00
ACC5000173,CUST100073,2876-3683-6096,Checking,Personal Checking,2452.74,2446.5,USD,0.0,2024-04-12,Active,1000,0,0,BR050,,2025-12-07 14:55:40.238077,2025-12-07 14:55:40.238078,2024-12-19 10:25:00
ACC5000174,CUST100073,2771-1420-6111,Checking,Student Checking,640.9,620.88,USD,0.0,2023-05-14,Active,1000,0,0,BR050,,2025-12-07 14:55:40.238149,2025-12-07 14:55:40.238149,2024-12-31 10:56:00
ACC5000175,CUST100074,7149-7498-4249,Savings,Youth Savings,4101.63,4014.94,USD,0.0292,2017-12-31,Dormant,0,100,0,BR019,,2025-12-07 14:55:40.238289,2025-12-07 14:55:40.238290,
ACC5000176,CUST100075,2245-4978-2669,Savings,Youth Savings,848.78,846.91,USD,0.0209,2018-10-22,Active,0,100,0,BR006,,2025-12-07 14:55:40.238438,2025-12-07 14:55:40.238438,2024-12-25 13:58:00
ACC5000177,CUST100075,5941-2983-1672,CD,5-year CD,2897.4,2797.71,USD,0.0239,2022-12-21,Active,0,0,0,BR006,,2025-12-07 14:55:40.238532,2025-12-07 14:55:40.238532,2024-12-28 16:10:00
ACC5000178,CUST100076,6688-9728-8018,Savings,Regular Savings,100.0,95.15,USD,0.0198,2025-04-12,Dormant,0,100,0,BR015,,2025-12-07 14:55:40.238673,2025-12-07 14:55:40.238674,
ACC5000179,CUST100076,7071-2129-9289,Savings,Youth Savings,918.09,881.86,USD,0.0183,2021-06-09,Closed,0,100,0,BR015,,2025-12-07 14:55:40.238763,2025-12-07 14:55:40.238763,
ACC5000180,CUST100076,6590-1207-7882,Brokerage,Standard Brokerage,2438.04,2316.42,USD,0.0,2024-11-04,Active,0,0,0,BR015,,2025-12-07 14:55:40.238845,2025-12-07 14:55:40.238845,2024-12-28 19:55:00
ACC5000181,CUST100077,9031-2729-8102,Money Market,Premium Money Market,4130.18,4090.77,USD,0.0227,2025-02-23,Dormant,0,100,5,BR007,,2025-12-07 14:55:40.238986,2025-12-07 14:55:40.238986,
ACC5000182,CUST100078,6934-8532-3506,Checking,Business Checking,100.0,95.12,USD,0.0,2025-11-02,Active,1000,0,0,BR025,,2025-12-07 14:55:40.239114,2025-12-07 14:55:40.239114,2024-12-30 13:18:00
ACC5000183,CUST100078,8135-3885-9548,Savings,Youth Savings,2568.29,2506.98,USD,0.0151,2025-02-06,Active,0,100,0,BR025,,2025-12-07 14:55:40.239204,2025-12-07 14:55:40.239204,2024-12-28 14:09:00
ACC5000184,CUST100078,5425-9817-8921,Savings,High-Yield Savings,2127.4,2096.56,USD,0.0155,2023-12-04,Active,0,100,0,BR025,,2025-12-07 14:55:40.239294,2025-12-07 14:55:40.239294,2024-12-27 13:39:00
ACC5000185,CUST100079,8616-8136-5397,Checking,Business Checking,669.79,645.21,USD,0.0,2024-07-15,Active,1000,0,0,BR018,,2025-12-07 14:55:40.239490,2025-12-07 14:55:40.239491,2024-12-31 11:10:00
ACC5000186,CUST100079,6280-5022-2419,CD,5-year CD,403.31,390.36,USD,0.0153,2024-08-21,Active,0,0,0,BR018,,2025-12-07 14:55:40.239585,2025-12-07 14:55:40.239585,2024-11-26 16:09:00
ACC5000187,CUST100080,5569-8385-4995,Money Market,Premium Money Market,917.09,874.53,USD,0.0232,2020-06-03,Active,0,100,0,BR030,,2025-12-07 14:55:40.239738,2025-12-07 14:55:40.239739,2024-12-12 16:18:00
ACC5000188,CUST100081,8613-7209-6511,Checking,Business Checking,492.98,481.15,USD,0.0,2019-08-21,Active,1000,0,0,BR041,,2025-12-07 14:55:40.239861,2025-12-07 14:55:40.239861,2024-12-31 14:09:00
ACC5000189,CUST100081,1470-9098-6325,Money Market,Premium Money Market,5201.54,5155.71,USD,0.0228,2019-07-04,Active,0,100,0,BR041,,2025-12-07 14:55:40.239939,2025-12-07 14:55:40.239940,2024-12-29 15:28:00
ACC5000190,CUST100081,3979-8988-4475,Checking,Personal Checking,135.02,131.72,USD,0.0,2021-05-15,Active,1000,0,0,BR041,,2025-12-07 14:55:40.240012,2025-12-07 14:55:40.240013,2024-12-29 17:43:00
ACC5000191,CUST100081,6813-5232-6576,Checking,Business Checking,100.0,97.33,USD,0.0,2023-10-27,Active,1000,0,0,BR041,,2025-12-07 14:55:40.240083,2025-12-07 14:55:40.240083,2024-12-31 16:54:00
ACC5000192,CUST100082,5581-5526-1166,Money Market,Money Market Deposit,1877.06,1836.23,USD,0.0286,2025-05-18,Dormant,0,100,0,BR024,,2025-12-07 14:55:40.240211,2025-12-07 14:55:40.240212,
ACC5000193,CUST100082,9464-4130-2402,Savings,High-Yield Savings,15719.46,15230.05,USD,0.0292,2025-04-05,Closed,0,100,0,BR024,,2025-12-07 14:55:40.240309,2025-12-07 14:55:40.240309,
ACC5000194,CUST100082,4954-7658-9004,Checking,Personal Checking,1514.22,1508.93,USD,0.0,2022-12-03,Active,1000,0,0,BR024,,2025-12-07 14:55:40.240386,2025-12-07 14:55:40.240386,2024-12-30 16:25:00
ACC5000195,CUST100082,4937-8800-9041,Money Market,Money Market Deposit,7044.89,7032.93,USD,0.0338,2023-01-22,Active,0,100,0,BR024,,2025-12-07 14:55:40.240465,2025-12-07 14:55:40.240466,2024-12-31 07:59:00
ACC5000196,CUST100083,8342-1282-2524,Money Market,Money Market Deposit,179.55,176.36,USD,0.0198,2020-06-18,Active,0,100,0,BR011,,2025-12-07 14:55:40.240612,2025-12-07 14:55:40.240613,2024-12-28 12:26:00
ACC5000197,CUST100084,5820-4630-7625,Savings,High-Yield Savings,576.62,570.01,USD,0.0161,2020-10-18,Active,0,100,5,BR024,,2025-12-07 14:55:40.240748,2025-12-07 14:55:40.240749,2024-12-22 23:57:00
ACC5000198,CUST100084,4986-6016-7046,Checking,Business Checking,216.53,208.0,USD,0.0,2019-08-05,Active,1000,0,0,BR024,,2025-12-07 14:55:40.240831,2025-12-07 14:55:40.240832,2024-12-29 12:00:00
ACC5000199,CUST100084,8753-9698-6632,CD,1-year CD,3678.74,3567.41,USD,0.0211,2019-03-14,Dormant,0,0,0,BR024,,2025-12-07 14:55:40.240920,2025-12-07 14:55:40.240920,
ACC5000200,CUST100084,7971-6419-6764,Money Market,Premium Money Market,100.0,96.0,USD,0.0218,2022-02-12,Dormant,0,100,0,BR024,,2025-12-07 14:55:40.241007,2025-12-07 14:55:40.241008,
ACC5000201,CUST100085,8434-5438-6023,Money Market,Money Market Deposit,5962.47,5913.42,USD,0.0254,2024-04-29,Active,0,100,0,BR023,,2025-12-07 14:55:40.241138,2025-12-07 14:55:40.241138,2024-12-24 12:15:00
ACC5000202,CUST100085,5118-4777-2976,Savings,High-Yield Savings,100.0,95.16,USD,0.0212,2024-03-25,Active,0,100,0,BR023,,2025-12-07 14:55:40.241218,2025-12-07 14:55:40.241218,2024-12-24 09:40:00
ACC5000203,CUST100085,4155-6169-2958,Checking,Personal Checking,226.59,220.52,USD,0.0,2025-06-19,Closed,1000,0,0,BR023,,2025-12-07 14:55:40.241292,2025-12-07 14:55:40.241292,
ACC5000204,CUST100086,9779-4033-4138,Savings,Regular Savings,539.37,526.46,USD,0.0177,2022-07-11,Closed,0,100,0,BR014,,2025-12-07 14:55:40.241434,2025-12-07 14:55:40.241435,
ACC5000205,CUST100086,4545-8933-5530,Checking,Business Checking,484.17,464.36,USD,0.0,2019-08-28,Active,1000,0,0,BR014,,2025-12-07 14:55:40.241515,2025-12-07 14:55:40.241515,2024-12-28 11:53:00
ACC5000206,CUST100086,9595-5636-2647,Checking,Personal Checking,100.0,96.86,USD,0.0,2018-10-24,Active,1000,0,0,BR014,,2025-12-07 14:55:40.241595,2025-12-07 14:55:40.241596,2024-12-30 14:55:00
ACC5000207,CUST100086,4180-5853-4727,Savings,Youth Savings,1398.53,1386.63,USD,0.0152,2021-06-02,Active,0,100,0,BR014,,2025-12-07 14:55:40.241681,2025-12-07 14:55:40.241682,2024-12-30 16:15:00
ACC5000208,CUST100087,6912-3939-5952,Savings,High-Yield Savings,131.54,128.93,USD,0.0173,2017-08-27,Active,0,100,0,BR043,,2025-12-07 14:55:40.241819,2025-12-07 14:55:40.241819,2024-12-28 10:16:00
ACC5000209,CUST100088,1231-9751-3073,Checking,Personal Checking,524.93,512.61,USD,0.0,2023-05-13,Active,1000,0,0,BR018,,2025-12-07 14:55:40.241949,2025-12-07 14:55:40.241949,2024-12-31 19:07:00
ACC5000210,CUST100088,5494-1745-1893,Savings,Youth Savings,146.89,140.58,USD,0.0223,2017-07-30,Active,0,100,5,BR018,,2025-12-07 14:55:40.242036,2025-12-07 14:55:40.242036,2024-12-26 15:01:00
ACC5000211,CUST100088,5786-3068-9042,Savings,Youth Savings,2467.07,2363.93,USD,0.0214,2021-02-05,Active,0,100,5,BR018,,2025-12-07 14:55:40.242245,2025-12-07 14:55:40.242245,2024-12-28 10:48:00
ACC5000212,CUST100088,2680-1200-5658,IRA,Traditional IRA,3649.21,3629.17,USD,0.0,2024-04-04,Active,0,0,0,BR018,,2025-12-07 14:55:40.242363,2025-12-07 14:55:40.242363,2024-12-31 13:46:00
ACC5000213,CUST100089,8690-8843-8216,IRA,Roth IRA,606.72,580.46,USD,0.0,2020-01-05,Closed,0,0,0,BR045,,2025-12-07 14:55:40.242535,2025-12-07 14:55:40.242536,
ACC5000214,CUST100090,6582-4020-1841,Savings,High-Yield Savings,10751.38,10647.61,USD,0.0262,2022-02-20,Active,0,100,0,BR044,,2025-12-07 14:55:40.242682,2025-12-07 14:55:40.242683,2024-12-23 16:49:00
ACC5000215,CUST100090,5136-8827-2869,Savings,Regular Savings,246.43,240.04,USD,0.0217,2021-07-13,Dormant,0,100,0,BR044,,2025-12-07 14:55:40.242765,2025-12-07 14:55:40.242766,
ACC5000216,CUST100090,2070-7565-9056,Money Market,Money Market Deposit,78905.77,75915.15,USD,0.0253,2023-01-27,Closed,0,100,0,BR044,,2025-12-07 14:55:40.242844,2025-12-07 14:55:40.242844,
ACC5000217,CUST100091,2213-1878-3485,Savings,High-Yield Savings,437.59,428.17,USD,0.0245,2025-03-28,Active,0,100,0,BR042,,2025-12-07 14:55:40.243270,2025-12-07 14:55:40.243275,2024-12-31 18:47:00
ACC5000218,CUST100091,3444-5978-2395,Savings,Youth Savings,1670.22,1647.85,USD,0.0248,2025-09-25,Active,0,100,0,BR042,,2025-12-07 14:55:40.243589,2025-12-07 14:55:40.243590,2024-12-29 11:58:00
ACC5000219,CUST100091,5066-2940-7818,Savings,High-Yield Savings,1849.63,1801.25,USD,0.0189,2025-05-14,Active,0,100,0,BR042,,2025-12-07 14:55:40.243807,2025-12-07 14:55:40.243807,2024-12-17 08:01:00
ACC5000220,CUST100091,4697-9561-7232,Savings,High-Yield Savings,123.79,122.89,USD,0.0207,2025-02-21,Active,0,100,5,BR042,,2025-12-07 14:55:40.243984,2025-12-07 14:55:40.243984,2024-12-30 13:32:00
ACC5000221,CUST100092,8381-8253-5871,Savings,High-Yield Savings,618.86,597.87,USD,0.0263,2024-08-02,Active,0,100,0,BR005,,2025-12-07 14:55:40.244424,2025-12-07 14:55:40.244425,2024-12-26 10:29:00
ACC5000222,CUST100092,8025-6003-1986,Money Market,Money Market Deposit,6533.47,6499.05,USD,0.0203,2021-07-16,Active,0,100,0,BR005,,2025-12-07 14:55:40.244585,2025-12-07 14:55:40.244585,2024-12-30 16:55:00
ACC5000223,CUST100092,2625-4404-4457,IRA,Roth IRA,75821.47,75795.9,USD,0.0,2023-03-08,Active,0,0,0,BR005,,2025-12-07 14:55:40.244677,2025-12-07 14:55:40.244678,2024-12-31 14:28:00
ACC5000224,CUST100092,5335-2330-3573,Money Market,Money Market Deposit,3536.39,3369.77,USD,0.0275,2023-12-09,Active,0,100,0,BR005,,2025-12-07 14:55:40.244761,2025-12-07 14:55:40.244761,2024-12-31 10:38:00
ACC5000225,CUST100093,4929-3847-2229,Savings,Youth Savings,640.05,621.35,USD,0.0256,2025-11-01,Active,0,100,0,BR039,,2025-12-07 14:55:40.244963,2025-12-07 14:55:40.244963,2024-12-31 23:25:00
ACC5000226,CUST100093,3564-1043-7693,IRA,Traditional IRA,20033.26,19538.4,USD,0.0,2025-11-08,Active,0,0,0,BR039,,2025-12-07 14:55:40.245042,2025-12-07 14:55:40.245042,2024-12-24 13:12:00
ACC5000227,CUST100094,8381-8699-5771,Checking,Personal Checking,100.0,96.12,USD,0.0,2023-02-22,Active,1000,0,5,BR041,,2025-12-07 14:55:40.245198,2025-12-07 14:55:40.245198,2024-12-24 10:09:00
ACC5000228,CUST100095,1534-4792-5720,Savings,Youth Savings,1442.91,1435.27,USD,0.0178,2018-03-24,Dormant,0,100,5,BR011,,2025-12-07 14:55:40.245348,2025-12-07 14:55:40.245348,
ACC5000229,CUST100095,5632-8438-2166,Savings,Regular Savings,501.0,490.76,USD,0.02,2023-04-09,Active,0,100,0,BR011,,2025-12-07 14:55:40.245441,2025-12-07 14:55:40.245442,2024-12-29 21:16:00
ACC5000230,CUST100095,4824-5334-4241,CD,5-year CD,196.36,195.18,USD,0.0157,2019-10-27,Active,0,0,0,BR011,,2025-12-07 14:55:40.245537,2025-12-07 14:55:40.245538,2024-12-27 12:20:00
ACC5000231,CUST100095,7965-2880-9922,CD,1-year CD,4895.31,4852.42,USD,0.0227,2022-12-27,Active,0,0,0,BR011,,2025-12-07 14:55:40.245626,2025-12-07 14:55:40.245627,2024-12-31 17:09:00
ACC5000232,CUST100096,4683-3441-5352,Checking,Business Checking,100.0,97.73,USD,0.0,2025-03-14,Active,1000,0,0,BR035,,2025-12-07 14:55:40.245772,2025-12-07 14:55:40.245773,2024-12-24 18:46:00
ACC5000233,CUST100097,3330-2169-1977,Savings,High-Yield Savings,42112.78,40028.39,USD,0.0223,2025-09-06,Active,0,100,0,BR047,,2025-12-07 14:55:40.245928,2025-12-07 14:55:40.245928,2024-12-26 13:30:00
ACC5000234,CUST100097,3718-6039-5728,CD,5-year CD,4147.57,4077.69,USD,0.0231,2025-06-27,Active,0,0,0,BR047,,2025-12-07 14:55:40.246009,2025-12-07 14:55:40.246009,2024-12-22 14:06:00
ACC5000235,CUST100097,8195-3037-8679,CD,6-month CD,3596.03,3461.68,USD,0.0233,2025-10-06,Active,0,0,0,BR047,,2025-12-07 14:55:40.246088,2025-12-07 14:55:40.246089,2024-12-31 09:43:00
ACC5000236,CUST100097,5982-7594-5460,Checking,Student Checking,17291.02,16617.09,USD,0.0,2025-05-03,Active,1000,0,0,BR047,,2025-12-07 14:55:40.246162,2025-12-07 14:55:40.246162,2024-12-27 17:58:00
ACC5000237,CUST100098,9199-9847-9090,Savings,High-Yield Savings,231.93,220.57,USD,0.0254,2020-11-29,Active,0,100,0,BR016,,2025-12-07 14:55:40.246295,2025-12-07 14:55:40.246295,2024-12-31 13:33:00
ACC5000238,CUST100098,8172-2317-1653,Savings,Regular Savings,4640.64,4548.19,USD,0.0248,2023-11-30,Active,0,100,0,BR016,,2025-12-07 14:55:40.246373,2025-12-07 14:55:40.246374,2024-12-30 20:08:00
ACC5000239,CUST100099,8078-6280-5102,Checking,Student Checking,681.49,664.76,USD,0.0,2025-10-19,Active,1000,0,10,BR011,,2025-12-07 14:55:40.246506,2025-12-07 14:55:40.246506,2024-12-31 21:49:00
